oid	cite	para	db_token	pdf_token	context
12356	1997ND24	2	289	239	...2,966.28 to the van and $[289->239].05 to the garage. In ear...
12356	1997ND24	6	18	13	... to reconsider on August [18->13], and Bragg’s notice of a...
12407	1997ND51	12	1995	1992	...538 N.W.2d 197, 201 (N.D.[1995->1992]). First, the court must ...
12439	1997ND93	5	538	533	...40, ¶ 5, 560 N.W.2d 532, [538->533]; *Wyatt v. Adams,* 551...
12439	1997ND93	8	870	871	...Gessner,* 529 N.W.2d at [870->871]. Instead, the converse i...
12460	1997ND110	6	28	23	...-mich $2,476 and Debbon $[28->23],285 in additional income...
12460	1997ND110	6	285	235	...ch $2,476 and Debbon $28,[285->235] in additional income tax...
12460	1997ND110	31	814	314	... Murgia,* 427 U.S. 307, [814->314], 96 S.Ct. 2562, 2567, 49...
12477	1997ND142	17	488	483	...nzel,* 485 F.Supp. 481, [488->483] (D.Minn.1980) (failure t...
12555	1997ND209	6	204	200	.... Grinaker,* 553 N.W.2d [204->200], 207-208 (N.D.1996): ...
12556	1997ND213	18	148	143	...erson,* 348 N.W.2d 141, [148->143] (N.D.1984). A direct fin...
12556	1997ND213	26	1	4	...ee N.D. R. Civ. P. 59(b)([1->4]).* During the trial, Re...
12556	1997ND213	27	8	3	...scovering the evidence; ([8->3]) the evidence must not b...
12571	1997ND235	12	82	32	...ceeding. *375 NDCC 29-[82->32].1-12(2). Johnson offers ...
12574	1997ND226	12	84	34	...nsistent with N.D.C.C. § [84->34]-02-02, and the reason th...
12574	1997ND226	21	158	153	...1985); *Wall v. Zeeb,* [158->153] N.W.2d 779, 784 (N.D.196...
12582	1997ND238	13	408	403	... 147 Neb. 48, 22 N.W.2d [408->403], 410-11 (1946). The Nebr...
12582	1997ND238	19	1988	1983	...business in September of [1988->1983] and the business has exp...
12585	1997ND240	17	384	334	...l v. Emery,* 508 N.W.2d [384->334], 339 (N.D.1993). The pur...
12608	1998ND24	45	3	2	...t stake in Fatland, 62 F.[3->2]d at 1072-73 (employee's ...
12611	1998ND33	11	1947	1946	...S.Ct. 645, 91 L.Ed. 818 ([1947->1946]) (allowing for correctio...
12630	1998ND16	12	580	530	.... *Slorby v. Johnson,* [580->530] N.W.2d 307, 310 (N.D.199...
12631	1998ND34	8	228	223	...rdis v. Eddy Brothers,* [228->223] N.W.2d 674, 680 (N.D.197...
12639	1998ND50	18	802	807	...7 ND 7, ¶ 16, 559 N.W.2d [802->807]. Here, the trial court’s...
12639	1998ND50	31	404	402	... to relevancy, N.D.R.Ev. [404->402](a)(2) generally allows a...
12646	1998ND67	33	648	643	...sion to stop. *Id.* at [648->643]. This Court concluded th...
12647	1998ND71	7	577	557	...nited States v. Edwards, [577->557]* F.2d 883, 895 (5th Ci...
12647	1998ND71	17	581	531	...f the case. *Johnson,* [581->531] N.W.2d at 278. The passa...
12648	1998ND68	2	28	23	...ob, was born on December [28->23],1994. Darin and Desiree ...
12653	1998ND78	56	408	403	...t. *See Wishnatsky* at [408->403]. ...
12665	1998ND95	11	658	558	...7 ND 69, ¶20, 662 N.W.2d [658->558] (“The judgments are affi...
12665	1998ND95	11	662	562	...Moch,* 1997 ND 69, ¶20, [662->562] N.W.2d 658 (“The judgmen...
12667	1998ND97	6	558	553	...of a peer review system. [558->553] N.W.2d at 212. *Swanso...
12672	1998ND106	4	82	32	...nder N.D.C.C. Chapter 29-[82->32].1, alleging ineffective ...
12672	1998ND106	41	108	103	...*Wilson,* 466 N.W.2d at [108->103]. However, ineffective as...
12672	1998ND106	41	8	3	... the use of the N.D.R.C. [8->3].2 procedure. Under N.D.C...
12674	1998ND101	21	1805	1305	...dez,* 745 *565 F.2d [1805->1305], 1310 (10th Cir.1984) (n...
12677	1998ND85	14	936	946	...uper. 561, 564 A.2d 931, [936->946] (1989) (whether nonconfo...
12684	1998ND121	20	74	70	...ry of Bismarck v. Allen, [74->70] N.D. 400, 22 N.W.2d 625,...
12684	1998ND121	29	1995	1985	... 1155, 130 L.Ed.2d 1112 ([1995->1985]), involved the prosecuti...
12689	1998ND111	9	100	400	...es the greater of a) $17,[100->400] per “lease year” (minimu...
12707	1998ND122	9	558	553	...Trust v. Ramada, Inc.,* [558->553] N.W.2d 760 (N.D.1996), t...
12714	1998ND135	10	20	10	.... Damron,* 1998 ND 71, ¶[20->10], 575 N.W.2d 912; *Padge...
12744	1998ND167	15	793	293	...iskill,* 698 F.Supp. at [793->293]. The majority reason pol...
12746	1998ND168	26	538	533	...*Reinecke v. Griffeth,* [538->533] N.W.2d 695, 702 (N.D.199...
12751	1998ND154	11	17	47	...n *Baldock**,* at 446^[17->47] (footnote omitted), we r...
12751	1998ND154	15	2251	2254	...vide.” *Hearing on S.B. [2251->2254] Before the Senate Judici...
12760	1998ND163	19	1993	1994	..., 509 N.W.2d 49, 53 (N.D.[1993->1994]). ...
12786	1998ND224	6	816	316	...st v. Hust,* 295 N.W.2d [816->316], 318 (N.D.1980). “[C]our...
12805	1999ND14	7	64	04	...irement of N.D.C.C. § 44-[64->04]-18(2). The Department as...
12805	1999ND14	9	8	3	...xplore] for the same. [8->3]. That [the Department] s...
12839	1999ND30	3	653	553	...r to Gerber was numbered [653->553]. Evidence at trial showe...
12913	1999ND113	8	28	23	... On March [28->23], 1998, Spring Creek move...
12924	1999ND133	12	823	323	...Union,* 452 N.W.2d 319, [823->323] (N.D.1990). When the que...
12924	1999ND133	15	28	23	...n light of N.D.C.C. § 32-[28->23]-09 and under the circums...
12940	1999ND143	65	1162	1152	...state.” *Hearing on H.B. [1162->1152] Before the House Judicia...
12958	1999ND173	42	84	34	...tion Act in N.D.C.C. ch. [84->34]-14 bar a private right o...
13012	1999ND188	11	448	443	.... Helbling,* 541 N.W.2d [448->443], 445 (N.D.1995), we expl...
13017	1999ND200	2	28	23	...9, 1995, through October [28->23], 1995. She returned to w...
13017	1999ND200	21	877	377	...t 357 (citing *Weber,* [877->377] N.W.2d at 574). Hein cla...
13018	1999ND187	5	66	65	...tements under N.D.C.C. § [66->65]-05-33, and ordering him ...
13018	1999ND187	5	86	85	...efits and repay the $602.[86->85] in erroneously paid bene...
13026	1999ND212	3	600	500	...o the Partnership for $2,[600->500]. On October 13, 1989, Br...
13031	1999ND225	11	1998	1999	...rstood meaning. *Lee,* [1998->1999] ND 218, ¶ 11, 587 N.W.2d...
13033	1999ND213	7	1996	1995	...539 N.W.2d 857, 859 (N.D.[1996->1995])). The reasonable suspic...
13033	1999ND213	14	859	359	...ing within its own lane. [859->359] N.W.2d at 116. The offic...
13050	1999ND228	24	538	533	... Developmental Center,* [538->533] N.W.2d 707, 709 (N.D.199...
13052	1999ND237	2	18	13	... Kraemer filed a Chapter [18->13] bankruptcy petition. He ...
13052	1999ND237	2	4338	4333	...ry, and commissions” as $[4338->4333].83, which is equivalent ...
13052	1999ND237	2	83	33	...nd commissions” as $4338.[83->33], which is equivalent to ...
13053	1999ND245	1	85	35	...tion under N.D.R.Crim.P. [85->35] for correction of his se...
13058	1999ND247	13	188	183	.... I-S, Inc.,* 274 N.W.2d [188->183] , 189 (N.D.1978). A dete...
13063	2000ND10	9	1998	1999	...f $4,143.46,” *Henry,* [1998->1999] ND 141, ¶ 22, 581 N.W.2d...
13067	2000ND6	18	18	13	...*Poitra,* 1998 ND 88, ¶ [18->13], 578 N.W.2d 121, the tri...
13068	2000ND12	13	916	915	...., Inc.,* 276 Mont. 55, [916->915] P.2d 799, 804-05 (1996);...
13072	2000ND15	4	48	43	...th v. Chillemi* 1999 ND [48->43] ¶ 7, 590 N.W.2d 446. ...
13089	2000ND31	7	1984	1994	...350 N.W.2d 591, 595 (N.D.[1984->1994]). Under the doctrine, ec...
13105	2000ND54	19	88	38	...governed by N.D.R.App.P. [88->38], which authorizes this C...
13117	2000ND61	18	888	883	... Housel,* 955 P.2d 880, [888->883] (Wyo.1998). ...
13124	2000ND83	11	589	689	...bach,* 1999 ND 5, ¶ 15, [589->689] N.W.2d 566 (statement dr...
13133	2000ND78	16	88	83	... *726 N.W.2d 678, 682-[88->83] (N.D.1995); *City of Fa...
13160	1999ND82	1	1988	1983	... Dakota on September 29, [1988->1983], and since that time his...
13162	2000ND98	3	82	32	...s sent “PURSUANT TO NDCC [82->32]-43-01 THROUGH 10,” which...
13163	2000ND104	18	682	632	...ass. 84, 706 N.E.2d 629, [682->632] (1999); *Greer v. Kooik...
13165	2000ND110	9	1998	1993	...rt identified August 17, [1998->1993], as the commencement dat...
13171	2000ND108	8	88	38	...n under N.D.C.C. § 28-01-[88->38]. The Reids appealed. II...
13174	2000ND106	12	408	403	... v. Everroad,* 704 F.2d [408->403], 407 (8th Cir.1983) (ind...
13197	2000ND131	16	642	542	...is case. In *Krehlik,* [642->542] N.W.2d at 447, however, ...
13206	2000ND146	2	81	31	...t a letter dated January [81->31], 1997, to the district c...
13208	2000ND143	13	128	129	...8 ND 89, ¶ 5, 578 N.W.2d [128->129], where the district cour...
13210	2000ND148	20	897	397	...McMann v. Richardson,* [897->397] U.S. [759] at 769, 90 S....
13217	2000ND153	2	12	42	...tion of N.D.C.C. § 39-06^[12->42]. ...
13231	2000ND167	24	698	693	...of Houston,* 356 N.W.2d [698->693], 695 (Minn.1984); *Linn...
13232	2000ND168	17	62	52	...n,* 462 N.W.2d 147, 151-[62->52] (N.D.1990), we concluded...
13240	2000ND170	10	1998	1993	...ty of America, Inc.1992, [1998->1993], 1995, 1997). Relocation...
13240	2000ND170	95	1972	1962	... Nev. 223, 495 P.2d 618 ([1972->1962])). “[A] foster parent ma...
13240	2000ND170	118	862	362	...uitable adoption.” Id at [862->362]. The court stated the do...
13260	2000ND210	10	508	503	...estriction.” *Bulman,* [508->503] N.W.2d at 241 (citing *...
13261	2000ND200	9	6	5	...nder N.D.C.C. § 14-09-06.[6->5]. ...
13262	2000ND205	11	5	8	...,* 625 F.2d 1258, 1261 ([5->8]th Cir.1980). Although th...
13274	2000ND212	10	587	537	... *Beavers v. Walters,* [587->537] N.W.2d 647, 652 (N.D.199...
13285	2000ND224	5	80	30	...eau revoked the November [80->30], 1993, order awarding be...
13286	2000ND223	25	198	193	...ing *State v. Barlow,* [198->193] N.W.2d 455, 461 (N.D.197...
13299	2001ND7	11	8	3	...osing Lawyer Sanctions 9.[8->3]. E ...
13315	2001ND32	18	38	33	... Under N .D.C.C. § 65-05-[38->33](3), the legislature has ...
13318	2001ND30	15	828	328	...Kottke,* 110 Wis.2d 86, [828->328] N.W.2d 481, 485 (1983). ...
13318	2001ND30	24	08	03	...ase. Under N.D.C.C. § 32-[08->03].2-02, when two or more p...
13328	2001ND44	12	1998	1993	...505 N.W.2d 738, 746 (N.D.[1998->1993]). However, we have decli...
13365	2001ND81	71	455	451	...d in Havens. See Havens, [455->451] U.S. at 372, 102 S.Ct. 1...
13394	2001ND116	31	815	315	.... *R.B.J. Apartments,* [815->315] N.W.2d at 289. The quest...
13417	2001ND135	17	448	488	...United States v. Ward,* [448->488] U.S. 242, 248, 100 S.Ct....
13419	2001ND131	46	82	32	...ot violate N.D.C.C. § 28-[82->32]-12.1. B ...
13422	2001ND136	10	187	197	...; *People v. Martinez,* [187->197] Mich.App. 160 , 466 N.W....
13424	2001ND139	29	12	72	...Hospital v. Cass County, [12->72],* N.D. 359, 7 N.W.2d 43...
13428	2001ND144	5	8	3	... are clearly erroneous; ([8->3]) using the tractor for m...
13434	2001ND149	22	8	3	... S.D. 647, 107 N.W.2d 1, [8->3] (1961), and cases cited ...
13442	2001ND155	18	486	485	...thwest Bank v. Ahlers,* [486->485] U.S. 197, 204-05, 108 S....
13442	2001ND155	26	615	515	...v. Feldner,* 484 N.W.2d [615->515], 518 (N.D.1992), we said...
13453	2001ND157	49	24	25	"...and further states, at ¶ [24->25]: ""In considering the loc..."
13458	2001ND174	5	17	47	...g Co.,* 510 U.S. at 446-[17->47], 114 S.Ct. 981. However,...
13461	2001ND187	14	438	433	... *Lire,* 541 N.W.2d at [438->433]-34 (citations omitted). ...
13490	2001ND208	14	16	15	...ading under N.D.R.Civ.P. [16->15](d). ...
13522	2002ND22	5	18	13	...s, Ghorbanni on November [18->13], 2000, presented written...
13534	2002ND37	51	487	489	...stodial parent. Blotske, [487->489] N.W.2d at 610 (citations...
13559	2002ND68	4	82	32	...quirements in N.D.C.C. § [82->32]-12.2-04 implicate a cour...
13564	2002ND60	6	85	35	... and seeking damages of $[85->35],000 and “an order of ass...
13566	2002ND63	10	585	535	...r’s New World Dictionary [585->535] (2nd Coll. Ed.1980). *S...
13566	2002ND63	44	82	32	...nterest under N.D.C.C. § [82->32]-02-04. The jury awarded ...
13567	2002ND59	1	28	23	...certification under Rule [28->23], N.D.R.Civ.P., and denyi...
13575	2002ND76	2	60	50	...ay child support of $459.[60->50] per month, consistent wi...
13586	2002ND101	2	1988	1983	...-orship, and 42 U.S.C. § [1988->1983] claims against the Texas...
13586	2002ND101	7	586	536	... *Mitchell v. Sanborn,* [586->536] N.W.2d 678, 681 (N.D.199...
13586	2002ND101	11	870	871	...*Gessner,* 529 N.W.2d at [870->871] . Instead, the converse ...
13589	2002ND115	10	284	234	...v. Raywalt,* 436 N.W.2d [284->234], 289 (N.D.1989)). We hav...
13591	2002ND114	3	26	25	... the judgment on October [26->25], 2001. II ...
13596	2002ND104	7	1913	1914	... N.D. 504, 144 N.W. 713 ([1913->1914]), this Court considered ...
13600	2002ND113	15	85	35	...person” under N.D.C.C. § [85->35]-18-01, and Altru had a l...
13608	2002ND132	4	08	03	...day. Under N.D.C.C. § 25-[08->03].1-12, the court must giv...
13615	2002ND136	8	1981	1980	...t. 1245, 67 L.Ed.2d 493 ([1981->1980]) (“Indian tribes retain ...
13636	2002ND127	11	86	36	...d property will provide $[86->36],206 in taxable valuation...
13646	2002ND141	3	80	30	...ss County within thirty ([80->30]) days after this notice ...
13647	2002ND142	15	1840	1340	...tes v. Disla,* 805 F.2d [1840->1340], 1347 (9th Cir.1986). ...
13659	2002ND160	8	488	448	...ce. *Gould v. Miller,* [488->448] N.W.2d 42, 44 (N.D.1992)...
13659	2002ND160	9	488	448	...decision. *See Gould,* [488->448] N.W.2d at 44 (stating th...
13665	2002ND170	5	1962	1960	...117 N.W.2d 290, 302 (N.D.[1962->1960]). ...
13672	2002ND182	9	80	30	...e of law for a period of [80->30] days, effective January ...
13682	2002ND189	11	1986	1985	....2d 1528, 1533 (11th Cir.[1986->1985]), an alleged Fourth Amen...
13683	2002ND192	6	589	539	... *See Hager v. Hager,* [589->539] N.W.2d 304, 305 (N.D.199...
13740	2003ND33	16	682	632	...tr. Go.,* 448 N.W.2d at [682->632] n. 2. ...
13749	2003ND38	11	66	56	...ND 126, ¶ 19, 680 N.W.2d [66->56]. He may not raise this i...
13749	2003ND38	11	680	630	...te,* 2001 ND 126, ¶ 19, [680->630] N.W.2d 66. He may not ra...
13749	2003ND38	11	82	32	...ore, under N.D.C.C. § 29-[82->32].1-12(2)(a), Murchison ha...
13753	2003ND45	6	3801	3301	...am. *See* 26 U.S.C. §§ [3801->3301] through 3311; N.D.C.C. c...
13753	2003ND45	15	798	793	... In *Edinger,* [798->793] P.2d at 1007, the court ...
13789	2003ND70	18	89	39	...governed by N.D.R.Civ.P. [89->39].1(b), which provides: ...
13795	2003ND69	5	8	3	...onships; he was awarded $[8->3],000,000 in damages. Misk...
13812	2003ND91	16	803	303	...ll Tel. Co. v. Cowger,* [803->303] N.W.2d 791, 795 (N.D.198...
13813	2003ND92	17	656	655	...,* 2003 ND 5, ¶ 2 n. 2, [656->655] N.W.2d 712. ...
13814	2003ND95	5	887	837	...stgo, Inc.,* 479 N.W.2d [887->837], 844 (N.D.1992)). “A tri...
13830	2003ND113	15	89	39	...n violation of NDCC [§ ] [89->39]-08-01 or equivalent ordi...
13850	2003ND131	7	2002	2003	... Act,* 100 A.L.R.5th 1 ([2002->2003]). The most significant c...
13854	2003ND132	14	568	563	... *Aune,* 478 N.W.2d at [568->563]-64; *Oberlander,* 460 ...
13881	2003ND156	2	1998	1993	...street. Between 1990 and [1998->1993], Grewal built four apart...
13882	2003ND154	9	28	23	... Ass’n,* 2002 ND 209, ¶ [28->23], 655 N.W.2d 60 (citation...
13882	2003ND154	17	348	343	...ment (Second) of Torts § [348->343]A (1965)). Additionally, ...
13922	2003ND199	10	892	392	...Corp. v. Christianson,* [892->392] N.W.2d 385, 386 (N.D.198...
13940	2004ND16	10	1885	1385	.... Practice & Procedure § [1885->1385]* (2d ed.1990) for his p...
13944	2004ND24	6	19	49	...C. §§ 28-32-46 and 28-32^[19->49], we affirm an agency’s d...
13959	2004ND21	19	382	388	...wnship v. Skauge, 6 N.D. [382->388] , 71 N.W. 544 . Id. at 6...
13993	2004ND76	4	2008	2003	...ring was held on July 2, [2008->2003]. At the hearing, Kline d...
13998	2004ND79	8	16	15	...04(4), 12.1-06.1-01(2)00([16->15]), 12.1-06.1-05, 12.1-11-...
13998	2004ND79	9	781	281	...p.4th 392, 6 Cal.Rptr.2d [781->281] (1992); *Murphy v. A.A....
13999	2004ND75	31	1992	1994	...485 N.W.2d 792, 795 (N.D.[1992->1994]). “On review, we do not ...
14012	2004ND93	16	2002	2001	...also State v. Daggett,* [2002->2001] WI App 32, ¶ 15, 640 N.W...
14048	2004ND113	23	1975	1995	...26 N.W.2d 370, 371 (N.D.[1975->1995]). The Court has no infor...
14057	2004ND140	4	82	32	...ouch’s account, and the $[82->32],000 check Couch wrote fo...
14062	2004ND133	6	2002	2001	...4 F.3d 797, 803 (8th Cir.[2002->2001]). A party may move for j...
14064	2004ND134	16	89	39	...provisions in N.D.C.C. § [89->39]-20-03.1 are basic and ma...
14087	2004ND163	10	1925	1923	...S.Ct. 280, 69 L.Ed. 543 ([1925->1923]). Under the automobile e...
14088	2004ND169	16	8	3	...ation. Q. And there’s [8->3] denominations? A. Yes...
14100	2004ND173	38	35	36	...S. 614 , 93 S.Ct. 1146 , [35->36] L.Ed.2d 536 (1973). Sec...
14107	2004ND188	5	2008	2003	...of his action in October [2008->2003], was within the two-year...
14107	2004ND188	9	20080317	20030317	...ocker and Traill County, [20080317->20030317] and 20030318) with the f...
14108	2004ND191	8	8	3	...ed (its relevance), and ([8->3]) an argument supporting ...
14109	2004ND190	9	28	23	...1(24) (now 75-02-02.1-01([28->23])). A “good faith effort ...
14119	2004ND195	16	3800	3300	...expenses would be about $[3800->3300] and her monthly income w...
14120	2004ND196	3	84	34	...ucille Bergman withdrew $[84->34],000 from her money marke...
14154	2004ND223	20	08	03	...cause N.D.C.C. § 12.1-17-[08->03] does not specify any cul...
14176	2005ND10	6	818	813	...o Dahl in the amount of $[818->813].97. Ziegler and Kitsch c...
14183	2005ND31	9	1983	1993	...02 N.W.2d 831, 835 (N.D. [1983->1993]). ...
14212	2005ND65	21	466	446	... *Harwood State Bank,* [466->446] N.W.2d 601, *National B...
14216	2005ND66	19	48	43	...*Tibor,* 1999 ND 150, ¶ [48->43], 598 N.W.2d 480 (Sand-st...
14216	2005ND66	22	287	237	... worth has increased by $[287->237],097. Thus, for there to ...
14222	2005ND69	12	470	420	... ND 174, ¶ 5, 617 N.W.2d [470->420]. No actual controversy e...
14229	2005ND74	5	809	309	...t Co.,* 427 N.W.2d 307, [809->309]-10 (N.D.1988); *Federal...
14254	2005ND104	15	10	40	...ration. N.D.C.C. § 28-32^[10->40](1). Any party to “any pr...
14258	2005ND105	8	438	433	...f. State v. Ringquist,* [438->433] N.W.2d 207 (N.D.1988) (s...
14266	2005ND117	9	08	03	...s. N.D. Admin. Code § 75-[08->03]-28-11(5). The rule reads...
14266	2005ND117	9	28	23	...N.D. Admin. Code § 75-08-[28->23]-11(5). The rule reads th...
14277	2005ND130	6	88	83	...J.A.D.,* 492 N.W.2d 82, [88->83] (N.D.1992)). Testimony a...
14312	2005ND137	9	82	32	...on under N.D.C.C. § 12.1-[82->32]-15(7), is to enable law ...
14313	2005ND141	15	82	32	...sumably under N.D.C.C. § [82->32]-03-05, which states inte...
14350	2005ND178	9	19	49	... court. N.D.C.C. § 28-32^[19->49]. This court does not “ma...
14368	2005ND193	10	832	332	...inch v. City of Fargo,* [832->332] N.W.2d 71, 73 (N.D.1983)...
14368	2005ND193	23	80	30	... would be approximately $[80->30],000 according to the Wil...
14371	2005ND204	10	2	9	...ts allowed by state law. [2->9]. When the department rec...
14379	2005ND215	17	18	13	...act it.” N.D.C.C. § 1-02-[18->13]. We construe uniform law...
14385	2005ND218	7	8	3	...teel argues that Exhibit [8->3] constitutes the contract...
14391	2006ND2	3	233	223	...ate v. Harmon,* 1997 ND [233->223], 575 N.W.2d 635. ...
14396	2006ND27	12	382	332	...e); *State v. Willis,* [382->332] N.W.2d 180, 185 (Minn.19...
14399	2006ND21	9	80	30	... On March [80->30], 2005, following the con...
14400	2006ND22	17	18	13	... that N.D.C.C. § 25-03.3-[18->13] does not allow the distr...
14423	2006ND11	6	1988	1983	...834 N.W.2d 212, 215 (N.D.[1988->1983]). “The person seeking sp...
14423	2006ND11	6	834	334	....” *Wolf v. Anderson,* [834->334] N.W.2d 212, 215 (N.D.198...
14423	2006ND11	11	08	03	...ages under N.D.C.C. § 32-[08->03]-29 and the standard set ...
14457	2006ND44	7	860	360	...ir, and turn around in a [860->360] degree circle. Officer C...
14460	2006ND46	14	2008	2003	...ended in 1995, 1999, and [2008->2003], but Mark Berge has not ...
14460	2006ND46	14	2008	2003	...were revised in 1995 and [2008->2003] since the *Helbling* ...
14467	2006ND67	8	80	30	...d judgment and on August [80->30], 2004, the court issued ...
14477	2006ND65	14	846	346	...inner v. Charlesworth,* [846->346] N.W.2d 727, 730 (N.D.198...
14485	2006ND66	37	1996	1995	...m.Jur.2d *Costs* § 12 ([1996->1995])) (emphasis added). ...
14501	2006ND87	27	568	560	...rief. 1997 ND 179, ¶ 28, [568->560] N.W.2d 920. In Aho, the ...
14525	2006ND114	7	82	32	... based.” N.D.C.C. § 12.1-[82->32]-02(2). “[S]uch charge” r...
14526	2006ND115	3	82	32	...on of the Supreme Court, [82->32]* N.D.L.Rev. 199 (1956)....
14530	2006ND118	28	86	36	...dish II,* 416 N.W.2d at [86->36]. Kennedy testified the t...
14534	2006ND121	5	2008	2003	... In March [2008->2003], the university began ne...
14539	2006ND145	10	08	03	...C. §§ 28-01-16(1) and 41-[08->03]-18. Here, the promissory...
14555	2006ND146	1	8	3	...r N.D.R. Lawyer Discipl. [8->3].4, resulting from a self...
14555	2006ND146	2	8	3	...f a partner of the firm. [8->3]) The firm must file quar...
14576	2006ND167	22	2011	2041	...y. *See Hearing on S.B. [2011->2041], S.B. 2107, and S.B. 225...
14607	2006ND180	5	80	30	...or those months totaled $[80->30],828.03. MBH sent all bil...
14611	2006ND185	10	1992	1982	...488 N.W.2d 380, 383 (N.D.[1992->1982]). ...
14615	2006ND190	10	923	929	...nington County, 225 F.3d [923->929], 928 (8th Cir.2000). ...
14624	2006ND194	6	2000	2001	...5; *In re Montgomery,* [2000->2001] ND 127, ¶ 5, 612 N.W.2d ...
14624	2006ND194	7	2000	2001	....2d 810; *Montgomery,* [2000->2001] ND 127, ¶ 5, 612 N.W.2d ...
14624	2006ND194	13	2000	2001	....2d 810; *Montgomery,* [2000->2001] ND 127, ¶ 5, 612 N.W.2d ...
14635	2006ND214	18	84	34	... Section 32-[84->34]-01, N.D.C.C., governs th...
14635	2006ND214	23	698	693	...Bureau,* 525 N.W.2d 691, [698->693] (N.D.1994). The amendme...
14639	2006ND217	2	1958	1953	...e Submerged Lands Act of [1958->1953]. *See* 43 U.S.C. § 131...
14646	2006ND225	8	31	34	...nt under *N.D.R.Crim.P. [31->34]* is “ ‘to place the def...
14649	2006ND230	4	82	32	...osing Lawyer Sanctions 9.[82->32](e)(full and free disclos...
14695	2007ND20	5	815	315	...he court awarded Hanson $[815->315],194.26 in damages and co...
14700	2007ND24	3	2008	2003	... when it expired in June [2008->2003]. Since then he has been ...
14705	2007ND23	7	6	5	...vel as 4 on a scale of 0-[6->5], and represented that hi...
14708	2007ND37	12	682	632	...cted. *Deck,*544 U.S. at [682->632], 125 S.Ct. 2007. ...
14714	2007ND43	13	883	833	...*See, e.g., Bernloehr,* [883->833] F.2d at 752 n. 2 (“cases...
14743	2007ND67	46	1	8	...necessary disbursements: [1->8]. The legal fees of witne...
14743	2007ND67	46	3	9	...ed for use on the trial; [3->9]. The legal fees for publ...
14743	2007ND67	46	4	9	...is made pursuant to law; [4->9]. The legal fees of the c...
14759	2007ND80	9	16	15	...berger,* 2006 ND 245, ¶ [16->15], 724 N.W.2d 148. Subject...
14777	2007ND114	13	2000	2006	...cial in his proceedings. [2000->2006] ND 6, ¶ 25, 604 N.W.2d 4...
14790	2007ND116	7	460	450	...*See Sitz,* 496 U.S. at [460->450], 110 S.Ct. 2481. Fourth,...
14790	2007ND116	7	631	531	...ndianapolis v. Edmond,* [631->531] U.S. 32, 38, 40, 121 S.C...
14812	2007ND146	32	18	48	...as probably more than 24^[18->48] hours old and would heal...
14838	2007ND163	31	1881	1882	...S. 527 , 26 L.Ed. 1157 ([1881->1882]), and *Central Railroad...
14839	2007ND161	14	308	303	...See State v. Anderson,* [308->303] N.W.2d 98, 99 (N.D.1981)...
14856	2007ND199	5	16	46	...t under N.D.C.C. § 28-32^[16->46](1) the Department’s orde...
14884	2007ND206	1	47	17	...under N.D.C.C. § 26.1-41-[47->17]. Because Manitoba Public...
14890	2008ND3	4	588	583	...141, 150, 48 N.W.2d 578, [588->583] (1951). “If two construc...
14895	2008ND12	10	328	323	... *Murdock v. Holquin,* [328->323] B.R. 275, 282-83 (N.D.Ca...
14903	2008ND34	7	40	10	"...8, 33-16-01-09, 33-16-01.[40->10], and 33-16-01-11."" ..."
14911	2008ND29	8	868	368	...e. *Varnson v. Satran,* [868->368] N.W.2d 533, 536 (N.D.19...
14913	2008ND38	2	289	239	...ick-up truck licensed EIY[289->239] was bothering an employe...
14915	2008ND40	21	804	304	...ble, Inc.,* 729 F.Supp. [804->304], 309-10 (S.D.N.Y. 1990) ...
14919	2008ND47	67	16	46	...zed by N.D.C.C. §§ 28-32-[16->46] and 28-32-49, I would af...
14922	2008ND53	9	16	46	... judge. N.D.C.C. § 28-32-[16->46]. ...
14930	2008ND58	5	850	350	...oved parcel of land for $[850->350],000. Kon-zak used the sa...
14935	2008ND70	1	968	963	... requiring payment of $7,[968->963].52 in restitution arisin...
14938	2008ND57	69	55	35	...underson, 22 N.D. at 332-[55->35], 133 N.W. at 555-56 (emp...
14961	2008ND89	18	28	23	... re K.S.,*2002 ND 164, ¶ [28->23], 652 N.W.2d 341. Here, d...
14961	2008ND89	18	86	36	...n. *See*N.D.C.C. § 27-20-[86->36]; *In re K.S.,*2002 ND 16...
14962	2008ND85	13	08	03	...ly with N.D.C.C. § 39-20-[08->03].1(3). IV ...
14990	2008ND108	12	82	32	...lgers**,* at *442 ¶ [82->32]. The defendant has the b...
15001	2008ND117	19	17	47	...eements. Section 45-10.1^[17->47](4), N.D.C.C., provided t...
15007	2008ND131	14	8	3	...ived children on October [8->3], 2006. T.L. does not dis...
15011	2008ND135	16	113	133	...’t of Transp.,* 2003 ND [113->133], ¶ 15, 665 N.W.2d 45); ...
15013	2008ND138	22	80	30	...that West Side advanced $[80->30],000 to Stergo and Stergo...
15032	2008ND159	12	8	3	...re Pecora,* 297 B.R. 1, [8->3] (Bkrtcy.W.D.N.Y.2003), t...
15041	2008ND160	18	434	634	...s. Exch.,* 61 N.W.2d at [434->634], the facts that establis...
15054	2008ND180	2	87	37	...ng to N.D.C.C. § 16.1-11-[87->37], the name of the two per...
15089	2008ND212	10	8	3	...ciousness of guilt; and ([8->3]) the State committed pro...
15097	2008ND221	7	138	133	...gation be modified to $2,[138->133] for two children. ...
15106	2008ND229	2	894	394	...s interim obligation at $[894->394] per month, and ordering ...
15106	2008ND229	5	806	306	...Serr to pay Amanda Serr $[806->306] per month for child supp...
15107	2008ND226	4	68	63	...awarded Schipper $45,601.[68->63] plus prejudgment interes...
15137	2009ND15	9	387	337	... Grain Terminal Ass’n,* [387->337] N.W.2d 427, 430 (N.D.198...
15152	2009ND34	33	152	153	...t. *Parisien,* 2005 ND [152->153], ¶ 8, 703 N.W.2d 306. ...
15164	2008ND206	18	16	46	...Frank, 186 N.W.2d at 443-[16->46], this Court discussed is...
15167	2009ND40	14	745	743	...identical,” *Overboe,* [745->743] N.W.2d at 861, n. 4, and...
15172	2009ND53	7	1082	1032	...v. Moore,*586 F.2d 1029, [1082->1032] (4th Cir.1978). ...
15205	2009ND105	27	16	15	... Myers,* 2006 ND 242, ¶ [16->15], 724 N.W.2d 168, one of ...
15211	2009ND103	17	1971	1972	...2d 241, 244 (Wash.Ct.App.[1971->1972])). Section 41-02-33, N.D...
15216	2009ND113	9	80	30	... Inc., 133 P.3d 276, 278-[80->30] (Okla. 2006); Jessop v. ...
15224	2009ND129	10	088	083	...lood-alcohol content of .[088->083]%. K.S.’s breath sample p...
15256	2009ND140	21	800	300	... Lithun,* 447 N.W.2d at [800->300]. A ...
15260	2009ND148	16	485	435	... Missouri v. Horowitz,* [485->435] U.S. 78, 92, 98 S.Ct. 94...
15261	2009ND151	18	408	403	...theless, under N.D.R.Ev. [408->403], the district court may ...
15267	2009ND149	3	180	130	...t against Tarnavsky for $[180->130],837.69, plus interest. T...
15271	2009ND156	8	81	31	...tivity.” N.D.C.C. § 12.1-[81->31].2-01(1). Whether speech ...
15283	2009ND172	16	1995	1985	...526 N.W.2d 487, 490 (N.D.[1995->1985]) (citations omitted), we...
15302	2009ND198	5	19	49	....W.2d 319. Section 28-32-[19->49], N.D.C.C., provides this...
15322	2009ND217	16	665	655	...9 ND 74, ¶ 8, 764 N.W.2d [665->655]). *808 A ...
15324	2010ND11	9	879	379	... In re Simpson,* 9 N.D. [879->379], 83 N.W. 541, 553 (1900)...
15330	2010ND10	10	825	325	...ng *State v. Buckley,* [825->325] N.W.2d 169, 172 (N.D.198...
15335	2010ND12	7	8	3	...N.D.R. Lawyer Discipl. 6.[8->3] regarding notice; and he...
15335	2010ND12	9	8	3	...N.D.R. Lawyer Discipl. 6.[8->3] regarding notice. ...
15337	2010ND14	8	4	6	... the basis of Rule 59(b)([4->6]) only. [[Image here]]...
15339	2010ND16	10	38	33	...quired parking spaces to [38->33], Rakowski did not file a...
15341	2010ND19	21	528	523	...” *State v. Lefthand,* [528->523] N.W.2d 63, 68-69 (N.D.19...
15396	2010ND61	5	8	3	...Ct. Admin. R. 52, § 4(B)([8->3]). The purpose behind N.D...
15396	2010ND61	7	8	3	... (2) that is plain; and ([8->3]) affects substantial rig...
15428	2010ND78	16	900	500	...ND 234, ¶ 12, 758 N.W.2d [900->500] (quoting Patten v. State...
15432	2010ND107	12	36	35	...w v. First State Bank,* [36->35] N.D. 323, 327-30, 160 N....
15441	2010ND102	18	32	30	...n harmonizing N.D.C.C. § [32->30]-12.1-03 and N.D.C.C. ch....
15450	2010ND121	5	80	30	...partment until 2:00 or 2:[80->30] a.m. ...
15453	2010ND116	29	2003	2002	...Judith Slorby's death in [2003->2002] did the parties attempt ...
15476	2010ND82	4	18	13	...tion of the sample was 0.[18->13] percent, and she reporte...
15484	2010ND158	13	48	43	... Rule [48->43](a), NJD.R.Civ.P., provid...
15509	2010ND196	25	618	518	... e.g.,*Minn.Stat. Ann. § [618->518].17(1)(11) (2005); Conn. ...
15564	2011ND8	27	8	3	...eeding in the amount of $[8->3],659.36. ...
15581	2011ND28	17	765	265	...grose,*2009 ND 81, ¶ 11, [765->265] N.W.2d 677. The district...
15581	2011ND28	20	68	63	...the requirements of Rule [68->63], N.D.R.Civ.P., regarding...
15587	2011ND40	10	880	830	...ings in the amount of $3,[880->830], payable to the Secretar...
15602	2011ND49	15	18	13	...resources. *Id.*at ¶¶ 12-[18->13]. ...
15604	2011ND63	28	378	373	...ld v. Market,*222 N.W.2d [378->373], 376-77 (N.D.1974) (noti...
15605	2011ND45	14	1118	1113	...t court.” *Hearing on HB [1118->1113] Before House Government ...
15620	2011ND84	8	334	344	... excused. *See Leidholm,*[334->344] N.W.2d at 814. In *Leidh...
15634	2011ND120	11	1998	1993	....S.,*499 N.W.2d 558 (N.D.[1998->1993]), which was a terminatio...
15636	2011ND108	20	482	432	...ers Compensation Bureau,*[482->432] N.W.2d 883, 887 (N.D.198...
15639	2011ND113	14	1985	1995	...d 489, 490-91 (La.Ct.App.[1985->1995]) (holding § 108(b)(2) ex...
15640	2011ND122	25	284	234	...ited States,*81 Fed. Cl. [284->234] (2007), a self-represent...
15643	2011ND119	26	2261	2264	...rt. *See Hearing on S.B. [2261->2264] Before the House Judicia...
15683	2011ND139	6	68	63	...amb,*541 N.W.2d 457, 462-[68->63] (N.D.1996) (citing N.D.C...
15684	2011ND131	31	16	46	...given. In *Micho,*at 745^[16->46], the Court said the evid...
15688	2011ND140	2	8500	3500	..., with the exception of $[8500->3500] to the nursing home. Tha...
15688	2011ND140	2	8500	3500	...sing home. That will be $[8500->3500], the equivalent of or va...
15689	2011ND142	8	62	52	...ion: Under N.D.R.Civ.P. [62->52](a), this Court reviews a...
15691	2011ND146	4	18	13	... began on Tuesday, April [18->13], 2010. On Friday, April ...
15714	2011ND171	17	1984	1994	...350 N.W.2d 591, 595 (N.D.[1984->1994])). Contract law, and not...
15729	2011ND202	11	8	3	...f the children totaling $[8->3],362.08. These expenses w...
15730	2011ND201	4	218	213	...eywind v. State,*2004 ND [218->213], ¶ 5, 689 N.W.2d 890). ...
15730	2011ND201	4	890	390	... ND 218, ¶ 5, 689 N.W.2d [890->390]). III. ...
15734	2011ND167	30	840	340	...e agency had a value of $[840->340],000, including goodwill....
15735	2011ND197	14	283	233	...5 Wis.2d 259, 499 N.W.2d [283->233] (Wis.Ct.App.1993). ...
15744	2011ND213	15	82	32	...idence.” N.D.C.C. § 12.1-[82->32]-09(3) and (4)(b). ...
15746	2011ND217	5	8	3	... testified to receiving $[8->3],000 from Kirkpatrick in ...
15752	2011ND238	16	8	3	...er N.D.C.C. § 12.1-06-01([8->3]) the district court erre...
15758	2011ND229	5	87	37	...s under N.D.C.C. § 47-16-[87->37]. Beaudoins moved for sum...
15759	2011ND236	8	31	81	...State v. Fields, 2003 ND [31->81], 1 6, 662 N.W.2d 242. A...
15760	2011ND240	9	8	3	...tils., Co., 2011 ND 38, ¶[8->3], 794 N.W.2d 741). A [T...
15760	2011ND240	14	408	403	...C.1968), aff'd, 407 F.2d [408->403] (4th Cir.1969),] plaint...
15760	2011ND240	17	598	593	... Goble, 1999 SD 38, 115, [598->593] N.W.2d 402. ...
15760	2011ND240	17	598	593	...Go-ble, 1999 SD 38, 113, [598->593] N.W.2d 402; see also S.D...
15760	2011ND240	19	1998	1993	...18, 428 S.E.2d 700, 702 ([1998->1993]). Other courts say no. S...
15760	2011ND240	24	8	3	...reach of that duty; and ([8->3]) injury to the third per...
15789	2011ND215	12	18	13	...D. Sess. Laws ch. 295, § [18->13] (emphasis added). The cu...
15793	2012ND29	6	18	13	...t property allowance of $[18->13],000 under Michigan law, ...
15793	2012ND29	6	87	37	...erests when he died was $[87->37],260, and for her claims,...
15803	2012ND35	7	738	733	...,*2007 ND \*44884, ¶ 13, [738->733] N.W.2d 225. Although the...
15808	2012ND40	8	589	539	...perative. *Zimbleman,* [589->539] N.W.2d at 71. Conditions...
15808	2012ND40	9	589	539	...ldren[.]” *Zimbleman,* [589->539] N.W.2d at 69-70. This Co...
15808	2012ND40	18	28	23	...D. Sess. Laws ch. 288, § [28->23]. Lee Paulson’s will was ...
15808	2012ND40	18	288	283	...2009 N.D. Sess. Laws ch. [288->283], § 28. Lee Paulson’s wil...
15811	2012ND45	8	08	03	...ons.” N.D.C.C. § 30.1-09-[08->03]. ...
15811	2012ND45	8	874	374	...f Thompson,* 511 N.W.2d [874->374], 377 (Iowa 1994). Tec...
15814	2012ND56	2	08	03	...under N.D.C.C. § 39-06.1-[08->03](5).” Mills did not petit...
15816	2012ND60	18	28	23	... *Wetzel,*2005 ND 190, ¶ [28->23], 705 N.W.2d 836 (citing ...
15818	2012ND57	2	830	330	...purchased items totaled $[830->330]. This amount was mistake...
15818	2012ND57	6	19	49	....C.C. §§ 28-32-46, 28-32^[19->49]. When reviewing the agen...
15820	2011ND230	1	10	40	...guage in N.D.C.C. § 26.1-[10->40]-15.4(1) that “[a]ny dama...
15828	2012ND77	1	82	32	...osts under N.D.C.C. § 28-[82->32]-50. I ...
15828	2012ND77	12	868	863	.... Moore,*539 N.W.2d 862, [868->863] (N.D.1995). We do not ma...
15829	2012ND74	12	158	153	...ND 166, ¶ 12, 802 N.W.2d [158->153]. We conclude the distric...
15829	2012ND74	12	2011	2001	...ss credibility. *Miller,*[2011->2001] ND 166, ¶ 12, 802 N.W.2d...
15833	2012ND73	10	586	536	...to this case. *Mitchell,*[586->536] N.W.2d at 684 (citations...
15833	2012ND73	11	586	536	...on horseplay. *Mitchell,*[586->536] N.W.2d at 684; *see*2 La...
15834	2012ND81	22	1984	1994	...43 N.W.2d 284, 289 (Minn.[1984->1994])). Thus, “[t]o constitut...
15834	2012ND81	35	153	155	...ee also Clark,* 1998 ND [153->155], ¶ 28, 583 N.W.2d 377 (j...
15846	2012ND91	18	508	503	...yers, *Oil and Gas Law*§ [508->503].2, at pp. 588.11-588.12 ...
15852	2011ND234	12	817	317	... v. U.S. ex rel. McCann,*[817->317] U.S. 269, 279, 63 S.Ct. ...
15864	2012ND123	1	8	3	...n N.D. Const, art. X, §§ [8->3] and 5, and the equal pro...
15864	2012ND123	29	108	103	... In *Wentz,* [108->103] N.W.2d at 258-54 (citati...
15864	2012ND123	29	258	253	... *Wentz,* 108 N.W.2d at [258->253]-54 (citations omitted), ...
15865	2012ND148	8	188	183	...s, Inc.,*554 N.W.2d 182, [188->183] n. 1 (N.D.1996). However...
15868	2012ND129	8	188	183	... ND 68, ¶ 12, 711 N.W.2d [188->183]. A ...
15868	2012ND129	8	68	63	...State v. Stavig,*2006 ND [68->63], ¶ 12, 711 N.W.2d 188. ...
15868	2012ND129	12	8	3	...under N.D.C.C. ch. 25-03.[8->3]. The district court did ...
15869	2012ND138	8	817	812	...nes,* 2011 ND 234, ¶ 8, [817->812]. N.W.2d 313 (quotation o...
15870	2012ND141	8	8	3	...le Counterclaim” on June [8->3], 2011, contending the La...
15871	2012ND133	16	8	3	...under N.D.C.C. ch. 25-03.[8->3]. Ill ...
15876	2012ND146	5	2081	2031	...ctive until December 31, [2081->2031]. The protection order gr...
15879	2012ND145	12	2008	2003	...al provisions. *Beciraj,*[2008->2003] ND 173, ¶ 15, 671 N.W.2d...
15883	2012ND149	15	866	366	...1999 N.D. Sess. Laws ch. [866->366]. The legislature’s omiss...
15885	2012ND155	1	708	703	...on to pay Kyllo \*514$24,[708->703].97 after a bench trial i...
15885	2012ND155	16	383	333	...William Clairmont, Inc.,*[383->333] N.W.2d 414, 418 (N.D.198...
15888	2012ND159	10	1969	1968	...t. 1166, 22 L.Ed.2d 418 ([1969->1968])). ...
15902	2012ND158	7	128	123	...*122 N.D. Sess. Laws ch. [128->123], §§ 2, 4. The parties di...
15906	2012ND163	17	338	333	...”); *Muehler v. Muehler,*[338->333] N.W.2d 432, 434 (N.D.198...
15932	2012ND199	16	428	423	...n v. Mooney,* 279 N.W.2d [428->423], 429 (N.D.1979)): “ ...
15933	2012ND201	28	689	639	...ements in the amount of $[689->639].35, Wheeler moved for re...
15936	2012ND204	4	82	32	...horized under N.D.C.C. § [82->32]-03.2-11(1) for her actio...
15939	2012ND216	16	1995	1985	...N.W.2d 289, 300-01 (N.D. [1995->1985]). rv ...
15943	2012ND224	16	8	3	...n Fund in the amount of $[8->3],000.00 to reimburse amou...
15943	2012ND224	19	0580	0530	...enue, Bismarck, ND 58505-[0580->0530]. ...
15948	2012ND217	20	2	3	...99 ND 181, ¶ 15, 599 N.W.[2->3]d 323. ...
15960	2012ND240	7	18	13	...ed under N.D.C.C. ch. 31-[18->13] to administer the buccal...
15963	2012ND245	9	18	13	.... Ficklin,*2006 ND 40, ¶ [18->13], 710 N.W.2d 387). We hav...
15966	2012ND249	7	80	30	...linary proceeding within [80->30] days of entry of judgmen...
15966	2012ND249	11	80	30	...amount of $500.00 within [80->30] days of the entry of jud...
15967	2012ND253	16	12	42	...20-24 and sections 14-20^[12->42] and 14-20-44, a proceedi...
15968	2012ND261	12	8	3	...ee also*N.D.C.C. § 25-03.[8->3]-13 (60-day limit for com...
15973	2012ND256	9	728	723	...re R.H.,*262 N.W.2d 719, [728->723] (N.D.1978). The Court al...
15973	2012ND256	9	835	335	... heard. *See In re B.M.,*[835->335] N.W.2d 321, 323 (N.D.198...
15978	2013ND12	10	88	38	...bout $180,000 and about $[88->38],000 in other debts. Lome...
15980	2013ND11	12	708	703	... in the field. N.D.R.Ev. [708->703]. In *Perius v. Nodak Mut...
15984	2013ND14	27	558	553	...See Bangen v. Bartelson,*[558->553] N.W.2d 754, 756-57 (N.D....
15990	2013ND28	12	08	03	...disagree. “Section 39-20-[08->03].1 ... reflects a legisla...
15991	2013ND31	9	1010	1040	...ustody. *Hearing on H.B. [1010->1040], supra,*(Report of the L...
15996	2013ND32	17	28	23	...ment was entered on July [28->23], 2012. No motion for mod...
15997	2013ND30	10	82	32	... or station.” N.D.C.C. § [82->32]-34-01. It, is well estab...
16000	2013ND24	56	508	503	...1981 N.D. Sess. Laws ch. [508->503]. The majority also does ...
16000	2013ND24	67	89	39	...age. And N.D.C.C. § 1-02-[89->39](4) tells us specifically...
16010	2013ND48	21	284	234	.... Montgomery,*481 N.W.2d [284->234], 235 (N.D. 1992). “[T]he...
16013	2013ND47	10	80	30	...the order be held within [80->30] days of issuance of the ...
16013	2013ND47	11	895	395	...of Estate of Kjorvestad,*[895->395] N.W.2d 162, 163-64 (N.D....
16015	2013ND55	5	80	30	... per week beginning July [80->30], 2012. ...
16035	2013ND73	16	28	23	...and on or about November [28->23], 2007. The Gundersons en...
16037	2013ND71	9	38	33	...t v. Wolt,*2010 ND 26, ¶ [38->33], 778 N.W.2d 786; *Wessma...
16040	2013ND78	5	08	03	...nce with N.D.C.C. ch. 25-[08->03].1 to determine if there ...
16043	2013ND80	6	864	364	...*See Martin v. Weckerly,*[864->364] N.W.2d 93 (N.D.1985): T...
16046	2013ND82	5	134	133	...cial District,* 2009 ND [134->133], 770 N.W.2d 218. [[Imag...
16067	2013ND111	16	8	3	... N.D.R. Lawyer Dis-cipl. [8->3].1(F). Objections to the ...
16081	2013ND125	2	838	833	...* 2012 ND 6, 809 N.W.2d [838->833]. Swear-ingen applied for...
16082	2013ND131	13	738	733	...07 ND 87, *540 ¶ 12, [738->733] N.W.2d 241 (“The Legisla...
16087	2013ND128	17	13	43	....,* 467 N.W.2d 439, 442-[13->43] (N.D.1991); *Vasichek v...
16094	2013ND142	21	38	33	...Lindberg,*2009 ND 136, ¶ [38->33], 770 N.W.2d 252 (holding...
16101	2013ND141	63	12	15	... The majority, at ¶ [12->15], incorrectly labels the ...
16101	2013ND141	66	12	15	... The majority, at ¶ [12->15], cites *State v. Greene,...
16101	2013ND141	67	12	15	... The majority, at ¶ [12->15], cites *People v. Gilber...
16103	2013ND152	3	8	3	...e approximate amount of $[8->3].5M.” Hatchett’s letter a...
16104	2013ND150	14	08	03	...under N.D.C.C. § 30.1-21-[08->03] (U.P.C. § 3-1003) in Sep...
16105	2013ND153	26	843	343	...l v. Dakota Hills, Inc.,*[843->343] N.W.2d 785 (N.D.1984), w...
16107	2013ND148	11	2018	2013	... school in the spring of [2018->2013]; she is already age 18. ...
16117	2013ND171	3	2018	2013	...h was denied on March 7, [2018->2013]. ...
16122	2013ND175	5	840	340	...*Mueller v. Stangeland,* [840->340] N.W.2d 450, 452 (N.D.19...
16160	2013ND221	10	28	23	...ny under N.D.C.C. § 12.1-[28->23]-07, Misapplication of En...
16175	2013ND243	2	2018	2013	...were divorced in January [2018->2013] and Kayla Rath was award...
16202	2014ND16	3	28	23	... *337 through January [28->23], 2014. This procedure is...
16209	2014ND33	3	28	23	...ould be completed by May [28->23], 2012. After another fou...
16216	2014ND39	10	80	30	...icense for approximately [80->30] years. Mary Gwyther’s na...
16216	2014ND39	25	928	923	...xchange,* 857 P.2d 922, [928->923]-24 (Utah 1993), in which...
16231	2014ND50	8	28	23	.../want that.” On December [28->23], 2010, Judge Corwin conf...
16233	2014ND53	33	240	840	... ND 80, ¶ 58, 815 N.W.2d [240->840], we held Fargo’s assessm...
16240	2014ND62	42	81	31	...osing Lawyer Sanctions 4.[81->31]. Disbarment is generally...
16252	2014ND81	5	80	30	...d, and paid the welders $[80->30] less per hour. The ALJ f...
16261	2014ND83	7	580	530	... *Troxel v. Granville,* [580->530] U.S. 57, 69, 120 S.Ct. 2...
16266	2014ND93	22	1928	1923	... N.D. 960, 194 N.W. 695 ([1928->1923]); *State ex rel. Dushek...
16269	2014ND97	4	84	34	...ott’s under N.D.C.C. ch. [84->34]-14 to collect the unpaid...
16272	2014ND106	11	476	479	... ND 216, 118, 790 N.W.2d [476->479]. In this case, the reloc...
16283	2014ND131	7	8	3	...nder N.D.C.C. § 89-20-05([8->3]), for purposes of the ad...
16283	2014ND131	7	89	39	...essary, under N.D.C.C. § [89->39]-20-05(8), for purposes o...
16284	2014ND132	13	2012	2042	... 9 and *Hearing on S.B. [2012->2042] Before Senate Judiciary ...
16285	2014ND126	7	18	13	...le,* 2012 ND 144, ¶¶ 12-[18->13], 818 N.W.2d 697 (citatio...
16286	2014ND127	2	498	493	...lier. The figure of $861,[498->493].18 that you refer to is ...
16288	2014ND133	6	2018	2013	...ls from the “October 30, [2018->2013] Memorandum Opinion and O...
16295	2014ND135	4	88	38	...er *721 N.D.R.App.P. [88->38]. *Matter of the Emelia ...
16295	2014ND135	10	8	3	...im to pay an additional $[8->3],000 for subsequent litig...
16297	2014ND137	6	18	13	... hearing panel filed May [18->13], 2014, are adopted. ...
16300	2014ND149	1	89	39	...iring Jerry Shae to pay $[89->39],634.82 per month in chil...
16300	2014ND149	11	2018	2013	...chieffer v. Schieffer,* [2018->2013] SD 11, ¶ 63, 826 N.W.2d ...
16303	2014ND155	10	2008	2003	... was out on bond for the [2008->2003] offenses. While failing ...
16309	2014ND158	4	82	32	...aw judge. N.D.C.C. § 28-[82->32]-46; *see Pesanti,* at ...
16309	2014ND158	5	89	39	...quirements of N.D.C.C. § [89->39]-20-07(5) were not met an...
16309	2014ND158	5	89	39	...ubsection 5. N.D.C.C. § [89->39]-20-07. ...
16309	2014ND158	12	89	39	...quirements of N.D.C.C. § [89->39]-20-07(5) were not met be...
16332	2014ND143	11	8	3	...ird persons.” N.D.C.C. § [8->3]-01-01; *see Hendricks P...
16332	2014ND143	26	801	301	...theless, under N.D.R.Ev. [801->301], “a presumption substitu...
16333	2014ND145	51	1984	1994	...24 N.W.2d 833, 836 (N.D. [1984->1994]). In Weber v. Weber , ou...
16338	2014ND161	9	08	03	...owever, N.D.C.C. § 89-20-[08->03].2 applies when a nonresi...
16338	2014ND161	15	89	39	...quirements of N.D.C.C. § [89->39]-20-03.2 were met, and th...
16340	2014ND163	2	80	30	...ng benefits, and she had [80->30] days to request reconsid...
16350	2013ND244	10	8	3	...pted practice of law. [8->3]. In the course of his...
16353	2014ND181	12	08	03	...anguage of N.D.C.C. § 35-[08->03]-01.2(4) provides the min...
16353	2014ND181	13	08	03	... Section 35-[08->03]-01.2, N.D.C.C., pertains...
16361	2014ND195	2	2018	2013	... On August 3, [2018->2013], Trooper Derek Arndt of ...
16362	2014ND196	1	8	3	...diction under Rule 35(a)([8->3]), N.D.R.App.P., we reman...
16362	2014ND196	11	2018	2013	... September of *398 [2018->2013], the reunification has n...
16366	2014ND201	10	1958	1953	...tained their interest in [1958->1953] and had not used the min...
16375	2014ND222	11	81	31	...guage of N.D.C.C. § 12.1-[81->31].2-01 relevant to this ap...
16380	2014ND225	2	2018	2013	...property since April 25, [2018->2013], and Schmitt resided on ...
16387	2014ND239	5	2018	2013	... him with the August 13, [2018->2013], petition seeking perman...
16391	2015ND1	3	28	23	... On June [28->23], 2011, Chris Anderson di...
16391	2015ND1	19	892	392	...or the jury. *Haugen,* [892->392] N.W.2d at 805. Section 1...
16394	2015ND10	19	81	31	...person.” N.D.C.C. § 12.1-[81->31].2-01(1). The district co...
16402	2015ND17	11	0580	0530	...arck, North Dakota 58505-[0580->0530]. ...
16411	2015ND33	26	28	23	...n. *See* N.D.C.C. § 32-[28->23]-03 (a contract may be co...
16419	2015ND44	18	31	41	...stopped under N.D.C.C. § [31->41]-11-06 from claiming the ...
16444	2015ND62	13	1998	1993	...507 N.W.2d 522, 524 (N.D.[1998->1993]). Second, Rencountre mus...
16448	2015ND76	19	8	3	...as N.D.C.C. § 32-09.1-08([8->3]) requires and there was ...
16448	2015ND76	22	2018	2013	... court at an October 28, [2018->2013], hearing that his reques...
16449	2015ND73	5	81	31	...§§ 28-26-01(2) and 28-26-[81->31]. ...
16473	2015ND103	11	587	537	... States v. Cruz Pagan,* [587->537] F.2d 554, 558 (1st Cir.1...
16483	2015ND121	6	38	33	...d under N.D.C.C. § 65-04-[38->33](2). II ...
16493	2015ND125	7	128	123	...d the estate a total of $[128->123],387.44 to be offset agai...
16506	2015ND153	12	10	40	...t cited N.D.C.C. § 57-02-[10->40](1) in determining the fe...
16507	2015ND147	20	2011	2001	...” *Smestad v. Harris,* [2011->2001] ND 91, ¶ 15, 796 N.W.2d ...
16510	2015ND148	25	2018	2013	...mstances since the April [2018->2013] order entitling her to a...
16512	2015ND151	15	349789	349739	.... Kenro Corp.,* 2006 WL [349789->349739], at *13 (N.J.Super.Ct.Ap...
16512	2015ND151	15	589	539	...owen,* 246 Ga.App. 177, [589->539] S.E.2d 873, 878 (2000) (...
16516	2015ND157	8	8	3	... N.D.R. Lawyer Dis-cipl. [8->3].1(F). Objections to the ...
16524	2015ND170	3	80	30	...pires at .11:59 PM April [80->30]th, 2013, or will commenc...
16531	2015ND179	16	787	737	... v. Hjelle,* 408 N.W.2d [787->737], 738 (N.D.1987). “Notice...
16545	2015ND194	9	89	39	... provided for in section [89->39]-20-13, made by the state...
16546	2015ND199	8	62	52	... Section [62->52]-01-01(18)00, N.D.C.C., c...
16559	2015ND213	9	889	839	... Birk,* 484 N.W.2d 834, [889->839]-40 (N.D.1992). IV ...
16567	2015ND220	8	8	3	...nctions under Standard 4.[8->3] N.D. Stds. Imposing Lawy...
16575	2015ND230	5	89	39	...he test under Ñ.D.C.C. § [89->39]-20-03, which provides th...
16577	2015ND237	24	18	13	... Glaser,* 2015 ND 31, ¶ [18->13], 858 N.W.2d 920. The leg...
16577	2015ND237	41	89	39	...entence under N.D.C.C. § [89->39]-08-01.2(2). VI ...
16599	2015ND252	16	358	353	...nd Oil Co.,* 107 N.W.2d [358->353] (N.D.1960). The district...
16613	2015ND274	12	258	253	...factual dispute. *Id.*at [258->253]. ...
16622	2015ND282	18	8	3	... of Rules 1.7,1.9, and 5.[8->3]. ...
16622	2015ND282	27	8	3	... N.D.R.- Prof. Conduct 5.[8->3], the hearing panel has r...
16628	2015ND289	6	2018	2013	... On December 20, [2018->2013], the meeting of creditor...
16634	2015ND298	1	89	39	... period under N.D.C.C. § [89->39]-20-06. We reverse, concl...
16636	2015ND302	2	821	321	...tion. *See*25 TJ.S.C. §§ [821->321] and 323. The easement wa...
16638	2015ND303	26	98	93	...7 of Township 154, Range [98->93] is, likewise, not consis...
16643	2016ND13	5	16	15	...Vondal,* 2011 ND 186, ¶ [16->15], 803 N.W.2d 578. We acco...
16649	2016ND17	14	116	115	...N.Y.S.2d 146, 840 N.E.2d [116->115], 122 (2005); *CSX Transp...
16649	2016ND17	15	388	383	...al Diesel & Equip., Co.,*[388->383] N.W.2d 840, 843 (N.D.198...
16651	2016ND19	4	78	73	...nd Patterson owed Titan $[78->73],852.31 for delinquent le...
16659	2016ND30	26	2001	2011	...nces. *See Braunagel,* [2001->2011] ND 118, ¶¶ 8-14, 629 N.W...
16665	2016ND39	18	508	503	...Hogie,* 454 N.W.2d 501, [508->503] (N.D.1990). “If independ...
16666	2016ND41	9	388	338	...rests. *See Washburn,* [388->338] N.W.2d at 668 (“a school...
16668	2016ND42	9	667	567	...ist. No. 1,* 483 N.W.2d [667->567], 570 (N.D.1992). The con...
16670	2016ND43	11	676	576	... Tucker,* 213 W.Va. 16 , [676->576] S.E.2d 261 (2002)). Oth...
16671	2016ND35	5	674	574	.... Odegaard,* 496 N.W.2d [674->574], 677 (N.D.1993). ...
16671	2016ND35	6	65	55	...anted under N.D.R.Civ.P. [65->55](a)(2), we may consider “...
16677	2016ND68	5	660	650	...0 ND 63, ¶ 6, 780 N.W.2d [660->650]). III ...
16680	2016ND54	26	486	456	...ate v. Hass , 177 N.W.2d [486->456] (N.D. 1978). ...
16690	2016ND64	10	82	32	... evidence. N.D.C.C. § 28-[82->32]-46(5).” *Washburn,* 20...
16699	2016ND84	16	09	01	...that, under N.D.C.C. § 9-[09->01]-06, the land manager’s l...
16700	2016ND76	34	06	05	...tion under N.D.C.C. § 14-[06->05]-23 in denying Conceicao’...
16708	2016ND97	23	2016	2015	...rder dated Feb-niary 26, [2016->2015], which required Wilkie t...
16709	2016ND95	7	263	253	...,687,78 in damages' and $[263->253],144.23 in interest for t...
16719	2016ND100	11	1984	1934	... estate for 1918 through [1984->1934] for certain merchandise ...
16733	2016ND114	19	6	5	...er,* 376 F.2d 102, 106 ([6->5]th Cir.1967)). By allowin...
16740	2016ND136	2	26	25	...eatment under N.D.C.C. § [26->25]-03.1-02(13). At the medi...
16740	2016ND136	10	26	25	...factors under N.D.C.C. § [26->25] — 03.1—18.1(l)(a)(l)—(4)...
16741	2016ND132	12	651	551	... States v. Molsbarger,* [651->551] F.3d 809, 811 (8th Cir.2...
16752	2016ND141	3	6	5	...agreement.” On September [6->5], 2014, Constellation agr...
16752	2016ND141	11	678	578	...gets, Inc.,* 672 N.W.2d [678->578], 584' (Minn.Ct.App.2003)...
16752	2016ND141	20	366	336	...pson v. Baker,* 52 N.D. [366->336], 370, 203 N.W. 195, 196 ...
16772	2016ND162	6	508	503	...and Constr. Co., Inc.,* [508->503] N.W.2d 240, 241 (N.D.199...
16778	2016ND169	21	48	43	...oceeding under paragraph [48->43] of the judgment. John Ad...
16793	2016ND193	4	10	40	...ed under N.D.C.C. § 26.1^[10->40]-15.6(6), which provides ...
16794	2016ND195	2	838	833	...* 2012 ND 4, 809 N.W.2d [838->833] (summarily affirming on ...
16803	2016ND212	10	28	23	...ecide N.D.C.C. § 19-03.1-[28->23].2 did not give him the d...
16804	2016ND202	12	06	05	...Court held N.D.C.C. § 29-[06->05]-20 “entitles an arrested...
16804	2016ND202	12	286	285	...way Comm’r,* 405 N.W.2d [286->285], 289 (N.D.1987), this Co...
16808	2016ND219	8	8	3	...d her to pay the client $[8->3],419 to purge the contemp...
16815	2016ND253	5	89	39	...amendments to N.D.C.C. § [89->39]-08-01(2) require a polic...
16815	2016ND253	7	89	39	... timely under N.D.C.C. § [89->39]-20-06. The district cour...
16816	2016ND225	7	846	346	...sch,* 2014 ND 102, ¶13, [846->346] N.W.2d 724 (quotation ma...
16818	2016ND252	9	351	352	...e Griffin v. Illinois,* [351->352] U.S. 12, 19, 76 S.Ct. 58...
16819	2016ND249	6	685	635	... the full penalty of $29,[685->635],000. The district court ...
16823	2016ND247	11	809	309	...elivery.” 1 *Id.* at [809->309] (citations omitted) (emp...
16840	2017ND14	11	8	3	...rce proceedings. Id. at ¶[8->3]. The former wife moved f...
16842	2017ND30	15	563	553	...t of Transp., 400 N.W.2d [563->553], 557 (Iowa 1987): “The ...
16863	2017ND42	3	160	150	...ned an inmate population [160->150]% over the suggested popu...
16871	2017ND49	18	658	653	...168 Colo. 265 , 450 P.2d [658->653], 655 (1969) (en banc))[...
16871	2017ND49	24	88	38	...e to comply with Chapter [88->38]-18.1, N.D.C.C., McAleste...
16872	2017ND50	26	28	23	... $125,045.48 to $123,519.[28->23]. ERS then filed a motion...
16875	2016ND214	20	16	15	...v. State, 2000 ND 162, ¶ [16->15], 615 N.W.2d 574. To esta...
16875	2016ND214	31	189	139	...ined ProHealth owed $883,[189->139].35 for interest and Step...
16875	2016ND214	31	883	383	...termined ProHealth owed $[883->383],189.35 for interest and ...
16877	2017ND77	12	1986	1985	...376 N.W.2d 33, 36 (N.D. [1986->1985])). ...
16877	2017ND77	13	346	345	...n Case Number 50-2013-CR-[346->345], this is what would happ...
16886	2017ND76	17	1988	1983	...uidelines,” dated August [1988->1983] (“OSM Guidelines”). Befo...
16886	2017ND76	25	2018	2013	...irst alfalfa cuttings in [2018->2013] and 2014 from the upland...
16895	2017ND86	1	06	05	...vacancy under Section 27-[06->05]-02.1, N.D.C.C. ...
16926	2017ND121	20	773	779	....2d at *581; Sanders,* [773->779] P.2d at 1245. Once the w...
16932	2017ND118	7	82	32	... proceeding.” N.D.C.C. § [82->32]-28-06. A ...
16956	2017ND157	10	2003	2013	... on *State v. Fields,* [2003->2013] ND 81, 662 N.W.2d 242. ...
16959	2017ND148	8	306	305	...esota v. United States,* [306->305] U.S. 382, 386-388 , 59 S...
16961	2017ND160	4	85	35	...file a motion under Rule [85->35], N.D.R.Crim.P., and requ...
16972	2017ND169	23	2011	2001	...nt. 407 , 259 P.3d 766 ([2011->2001]), the court was asked to...
16978	2017ND165	13	6	5	...* 299 F.3d 420, 452-53 ([6->5]th Cir. 2002); *People v...
16980	2017ND167	2	3461	3451	...lating Minn. Stat. § 609.[3461->3451], for lewd exhibition, gr...
16980	2017ND167	11	8	3	... Section 12.1-32-15([8->3]), N.D.C.C., imposes a du...
16986	2017ND179	8	687	587	...rial Comm’n,* 466 N.W.2d [687->587] , 690 (N.D. 1991). “Subs...
16986	2017ND179	8	690	590	...omm’n,* 466 N.W.2d 687 , [690->590] (N.D. 1991). “Substantia...
16986	2017ND179	8	82	32	...ions under N.D.C.C. § 28-[82->32]-46. *Hanson v. Industri...
16986	2017ND179	10	426	425	... ND 72, ¶ 11, 764 N.W.2d [426->425]. We conclude the same pr...
16996	2017ND190	19	81	31	...*Keller,* 2005 ND 86, ¶ [81->31], 695 N.W.2d 703). “The p...
17012	2017ND196	6	60	50	... v. Pippin,* 496 N.W.2d [60->50], 52-53 (N.D. 1993). ...
17014	2017ND197	3	60	50	... the State had reserved “[60->50]% of all oil, natural gas...
17021	2017ND210	27	06	05	...681. Under N.D.C.C. § 65-[06->05]-33, this Court has estab...
17022	2017ND206	6	18	13	... rescheduled for January [18->13], 2017, but on that day T...
17029	2017ND204	11	1288	1283	...s agreement.” *Id.* at [1288->1283]. The court also noted th...
17033	2017ND219	16	6126	6125	...# 6124 Allen 434 .00 CK# [6126->6125] Margie 434.00 Bobby: ...
17048	2017ND239	2	8	3	...der N.D.R.App.P. 35.1(a)([8->3]) and (7). Jon J. Jensen...
17052	2017ND243	16	1998	1993	...6 N.W.2d 566 , 570 (N.D. [1998->1993]), this Court considered ...
17055	2017ND247	12	08	03	...er court.” N.D.C.C. § 25-[08->03].1-29. “To balance the co...
17066	2017ND263	9	567	597	...iting Miller v. Alabama, [567->597] U.S. 460, 132 S.Ct. 2455...
17066	2017ND263	21	562	552	.... Danforth v. Minnesota, [562->552] U.S. 264, 271, 128 S.Ct....
17066	2017ND263	25	1996	1995	...993 through September of [1996->1995]. A number of the offense...
17067	2017ND231	2	812	312	...ection 13: Farm Unit No. [812->312] in the Buford-Trenton Pr...
17072	2017ND235	1	85	35	...ffirm under N.D.R.App.P. [85->35].1(a)(2). Broadwell v. St...
17074	2017ND254	17	163	153	... of Section 23, Township [163->153] North, Range 92 West, no...
17078	2017ND242	27	269	259	...2011; $266,060 in 2012; $[269->259],184 in 2013; $160,697 in...
17080	2017ND270	9	6	5	... Section 50-24,1-24([6->5]), N.D.C.C., governs a pr...
17093	2017ND288	13	1866	1865	... Territory Civil Code of [1866->1865]. Werlinger v. Mutual Ser...
17093	2017ND288	13	63	53	..., S.D. Codified Laws. §. [63->53]-9-11 (allowing non-compe...
17093	2017ND288	13	861	851	... Center, 479 N.W.2d 848, [861->851]-62 (N.D. 1992) (restrict...
17104	2017ND290	4	6	5	...ned in his brief. On May [6->5], 2017, the district cour...
17105	2017ND291	10	8	3	...ation was determined. [8->3]. Mr. Betz, acting as a s...
17281	2018ND221	17	1	7	...cEvers Jon J. Jensen [1->7] The original partnershi...
17530	2019ND194	11	1982	1984	"...W.2d 84 , 88 n.4 (N.D. [1982->1984]). ""If juror misconduct i..."
17803	2021ND79	25	266	366	...and v. Pringle, 540 U.S. [266->366] (2003) as dispositive, ...
18137	2023ND20	19	1	3	...lated in Calder v. Bull, [1->3] U.S. 269 , 273 (1798)). ...
